user_id,track_slug,subscription_date
6,kerala-psc,2021-06-04
6,KTET,2021-06-04
608,spoken-english,2021-06-04
608,APPSC,2021-06-04
608,Eng_With_Awal,2021-06-04
608,Tet,2021-06-04
635,spoken-english,2021-06-04
745,TSPSC,2021-06-04
1506,PET,2021-06-04
1512,spoken-english,2021-06-04
1642,Spoken_eng_hindi,2021-06-04
1796,BANK-INS,2021-06-04
1831,K_HSA,2021-06-04
2610,Spoken_eng_hindi,2021-06-05
3418,Spoken_eng_hindi,2021-06-05
3421,Spoken_eng_hindi,2021-06-05
3439,TNPSC,2021-06-05
3458,spoken-english,2021-06-05
3464,Staff_Nurse,2021-06-05
3464,Apti_ess,2021-06-27
3664,kerala-psc,2021-06-05
3664,ssc,2021-06-05
3827,Spoken_eng_hindi,2021-06-05
5201,spoken-english,2021-06-05
5201,SE_Junior,2021-06-05
5243,spoken-english,2021-06-05
5243,GATE_Civil,2021-07-06
5243,SE_Junior,2021-07-06
5243,Apti_ess,2021-07-06
5609,Spoken_eng_hindi,2021-06-05
5970,spoken-english,2021-06-05
6190,Spoken_eng_hindi,2021-06-05
6323,Spoken_eng_hindi,2021-06-05
7102,kerala-psc,2021-06-05
7305,Spoken_eng_hindi,2021-06-05
7446,Spoken_eng_hindi,2021-06-05
8062,Spoken_eng_hindi,2021-06-05
8962,Spoken_eng_hindi,2021-06-05
9331,spoken-english,2021-06-05
9540,Spoken_eng_hindi,2021-06-05
9677,Spoken_eng_hindi,2021-06-05
9747,Spoken_eng_hindi,2021-06-05
10458,Spoken_eng_hindi,2021-06-06
10590,Spoken_eng_hindi,2021-06-23
10590,Apti_ess,2021-06-06
11104,MPGOVT,2021-06-06
11104,Spoken_eng_hindi,2021-06-06
11104,STUH,2021-07-13
11729,Spoken_eng_hindi,2021-06-06
11729,STUH,2021-06-23
11729,Quant_Easy,2021-06-23
11736,K_HSA,2021-06-06
12102,Eng_Inver_Coc,2021-06-06
12671,Spoken_eng_hindi,2021-06-06
12749,kerala-psc,2021-06-06
12749,OP_KWA,2021-06-06
12749,Civil_Tech,2021-06-06
13430,Eng_Inver_Coc,2021-06-06
13940,spoken-english,2021-06-11
13940,Group_2_2A,2021-07-10
13940,TNPSC,2021-06-06
15230,Spoken_eng_hindi,2021-06-06
15431,kerala-psc,2021-06-06
15431,KPSC_Driver,2021-06-06
15514,spoken-english,2021-06-06
15605,APPSC,2021-06-06
16938,spoken-english,2021-06-06
16938,Anb_eng,2021-06-07
16980,spoken-english,2021-06-06
17705,kerala-psc,2021-06-06
18663,TSPSC,2021-06-07
18663,spoken-english,2021-06-07
18663,BANK-INS,2021-06-07
18663,Public_Speaking,2021-07-09
18663,APPSC,2021-06-07
18663,rrb,2021-06-07
18935,kerala-psc,2021-06-07
18935,ENTRI_GOLD,2021-06-10
19104,BANK-INS,2021-06-07
19104,MPGOVT,2021-06-07
19117,KPSC_Driver,2021-06-07
19709,MPGOVT,2021-06-07
19800,Spoken_eng_hindi,2021-06-07
20117,Anb_eng,2021-06-07
20168,MPGOVT,2021-06-07
20168,rrb,2021-06-07
20603,KPSC_Driver,2021-06-08
20603,rrb,2021-06-07
20603,Apti_ess,2021-07-11
20603,ssc,2021-06-18
20740,K_HSA,2021-06-07
20817,Spoken_eng_hindi,2021-06-07
21043,Spoken_eng_hindi,2021-06-07
21068,spoken-english,2021-06-07
21068,Eng_Inver_Coc,2021-06-07
21317,Group_1,2021-06-11
21317,Tet,2021-06-07
21447,BANK-INS,2021-06-11
21447,Spoken_eng_hindi,2021-06-07
21708,kerala-psc,2021-06-07
21760,BANK-INS,2021-06-07
21808,Spoken_eng_hindi,2021-06-07
22055,kerala-psc,2021-06-07
22059,Anb_eng,2021-06-07
23592,TSPSC,2021-06-07
23592,spoken-english,2021-06-07
23744,K_HSA,2021-06-07
23827,spoken-english,2021-06-07
23908,kerala-psc,2021-06-07
24495,K_HSA,2021-07-02
24992,Eng_Inver_Coc,2021-06-10
25313,cet,2021-06-07
25313,Spoken_eng_hindi,2021-06-07
26478,Tet,2021-06-08
26580,spoken-english,2021-06-29
26580,TNPSC,2021-06-08
27054,spoken-english,2021-06-08
27499,UPGOVT,2021-06-08
27593,spoken-english,2021-06-11
27593,kerala-psc,2021-06-09
27593,Civil_Tech,2021-06-08
27593,Eng_Inver_Coc,2021-06-08
27946,K_HSA,2021-06-08
28487,kerala-psc,2021-06-08
28487,CDP_SKSSF,2021-06-28
28487,ENTRI_GOLD,2021-06-26
28516,Spoken_eng_hindi,2021-06-08
28531,Spoken_eng_hindi,2021-06-08
28621,Group_2_2A,2021-07-07
28621,TNPSC,2021-06-08
29241,Public_Speaking,2021-06-08
29403,spoken-english,2021-06-08
29443,TNPSC,2021-06-08
29712,BANK-INS,2021-06-08
29712,CTET,2021-07-30
29712,MPGOVT,2021-07-07
29712,Spoken_eng_hindi,2021-07-30
29712,STUH,2021-06-08
29712,DSSSB,2021-07-30
29712,Arts_Sales,2021-07-30
29712,ssc,2021-07-30
30113,spoken-english,2021-06-08
30117,spoken-english,2021-06-17
30146,BANK-INS,2021-06-13
30146,kerala-psc,2021-06-08
30206,kerala-psc,2021-06-08
30437,Spoken_eng_hindi,2021-06-08
30514,GATE-Electrical,2021-06-08
30514,ssc,2021-06-08
30582,TNPSC,2021-06-08
31373,PCB_Tech,2021-07-29
31373,Group_2_2A,2021-07-29
31373,kerala-psc,2021-06-08
31373,Police_Exams_Special,2021-07-29
31373,rrb,2021-07-29
31373,CO-BANK,2021-07-29
31373,ssc,2021-07-29
31686,SE_Junior,2021-06-08
31835,kerala-psc,2021-06-08
31835,ssc,2021-06-09
31949,spoken-english,2021-06-08
32116,Staff_Nurse,2021-06-08
32455,spoken-english,2021-06-08
32455,SE_Junior,2021-06-12
33238,TSPSC,2021-06-08
33253,Spoken_eng_hindi,2021-06-08
33306,rrb,2021-06-08
33681,GATE_Civil,2021-06-08
34032,Spoken_eng_hindi,2021-06-08
34093,spoken-english,2021-06-09
34093,Digi_Mark,2021-06-10
34093,Eng_Inver_Coc,2021-06-10
34172,eng_car_success,2021-06-08
34271,kerala-psc,2021-06-11
34271,K_HSA,2021-06-08
34494,UPGOVT,2021-06-08
34926,spoken-english,2021-06-09
35674,Spoken_eng_hindi,2021-06-09
36009,Spoken_eng_hindi,2021-06-09
36338,Spoken_eng_hindi,2021-06-09
36414,APPSC,2021-06-09
38173,GATE_Civil,2021-06-09
38173,GATE_Electronics,2021-06-18
38599,Spoken_eng_hindi,2021-06-09
38705,TSPSC,2021-06-14
38705,spoken-english,2021-06-14
38705,BANK-INS,2021-06-09
38705,APPSC,2021-06-14
38705,rrb,2021-06-14
39414,TNPSC,2021-06-09
39551,kerala-psc,2021-06-10
39551,KPSC_Driver,2021-06-09
39651,spoken-english,2021-06-14
39651,Eng_Inver_Coc,2021-06-09
40853,kerala-psc,2021-06-10
40853,Civil_Tech,2021-06-09
41094,TNPSC,2021-06-09
41243,spoken-english,2021-06-10
41243,TNPSC,2021-06-09
41527,BANK-INS,2021-06-09
41706,kerala-psc,2021-06-09
41928,TNPSC,2021-06-09
42048,Spoken_eng_hindi,2021-06-09
42095,spoken-english,2021-06-09
43004,TNPSC,2021-06-10
43158,kerala-psc,2021-06-10
43511,Spoken_eng_hindi,2021-06-10
43836,PET,2021-06-10
45214,spoken-english,2021-06-10
45214,Anb_eng,2021-06-11
45750,BANK-INS,2021-06-10
45989,Spoken_eng_hindi,2021-06-10
46198,PET,2021-06-14
46198,rrb,2021-06-10
46198,Tet,2021-06-14
46309,Eng_Inver_Coc,2021-06-10
46558,Spoken_eng_hindi,2021-06-10
46605,kerala-psc,2021-06-10
46605,GATE_Civil,2021-06-11
46605,Civil_Tech,2021-06-11
46821,TNPSC,2021-06-10
46976,TNPSC,2021-06-10
46976,Anb_eng,2021-06-10
46976,ssc,2021-06-10
47744,Spoken_eng_hindi,2021-06-10
47954,Spoken_eng_hindi,2021-06-10
47998,kerala-psc,2021-06-10
48295,TNPSC,2021-06-10
48413,TNPSC,2021-06-10
48595,Spoken_eng_hindi,2021-06-10
49995,spoken-english,2021-06-10
50137,TNPSC,2021-06-10
50546,ssc,2021-07-04
51345,spoken-english,2021-06-11
52185,Spoken_eng_hindi,2021-06-11
52416,K_HSA,2021-06-11
52425,GATE_Civil,2021-06-11
52836,Apti_ess,2021-06-11
53372,Eng_With_Awal,2021-06-11
53782,spoken-english,2021-06-11
55112,K_HSA,2021-06-11
55281,Spoken_eng_hindi,2021-06-11
55902,GATE-Electrical,2021-06-11
55902,Apti_ess,2021-06-11
56406,Police_Exams_Special,2021-07-09
56406,ssc,2021-06-11
56741,kerala-psc,2021-06-11
56741,OP_KWA,2021-07-01
56741,KPSC_Driver,2021-06-11
56741,Mech_Tech,2021-06-12
57884,Spoken_eng_hindi,2021-06-11
57927,K_HSA,2021-06-11
59886,Group_2_2A,2021-07-09
59886,TNPSC,2021-06-12
59886,GATE-Electrical,2021-07-09
60166,BANK-INS,2021-06-12
60433,spoken-english,2021-06-12
60441,Spoken_eng_hindi,2021-06-12
60557,TNPSC,2021-06-12
60886,TNPSC,2021-06-12
60886,GATE_Civil,2021-06-12
60964,Spoken_eng_hindi,2021-06-12
60989,K_HSA,2021-06-12
61006,Apti_ess,2021-06-12
61010,Public_Speaking,2021-06-12
61054,Spoken_eng_hindi,2021-06-12
61429,spoken-english,2021-06-12
61783,Eng_Inver_Coc,2021-06-12
61874,cet,2021-06-12
61874,GATE_Civil,2021-07-08
61874,Spoken_eng_hindi,2021-06-12
61952,ssc,2021-06-12
62123,PCB_Tech,2021-06-17
62123,kerala-psc,2021-06-19
62123,Eng_Inver_Coc,2021-06-12
62316,kerala-psc,2021-06-12
62316,KPSC_Driver,2021-06-29
62368,Spoken_eng_hindi,2021-06-12
63137,GATE_Civil,2021-06-12
63154,Apti_ess,2021-06-12
63372,Eng_Inver_Coc,2021-06-12
63748,Spoken_eng_hindi,2021-06-12
66108,spoken-english,2021-06-12
66547,eng_car_success,2021-06-12
68264,Eng_Inver_Coc,2021-06-13
68288,spoken-english,2021-06-13
68288,SE_Junior,2021-06-17
68292,Spoken_eng_hindi,2021-06-13
68866,APPSC,2021-06-13
69176,spoken-english,2021-06-20
69176,Tet,2021-06-13
69238,spoken-english,2021-06-13
69406,K_HSA,2021-06-13
69508,kerala-psc,2021-06-13
69676,kerala-psc,2021-06-13
69676,OP_KWA,2021-06-26
69676,Mech_Tech,2021-06-13
70041,kerala-psc,2021-06-13
72073,spoken-english,2021-06-13
72484,rrb,2021-06-15
72616,TSPSC,2021-06-13
72616,Group_1,2021-06-13
72616,eng_car_success,2021-06-16
72616,spoken-english,2021-06-15
72616,APPSC,2021-06-30
72616,Youtube_telugu,2021-06-14
72616,rrb,2021-06-30
72616,Tet,2021-06-16
73700,EEE,2021-06-16
73700,Eng_Inver_Coc,2021-06-13
74229,BANK-INS,2021-06-13
75090,kerala-psc,2021-06-13
77037,KPSC_Driver,2021-06-14
77261,Spoken_eng_hindi,2021-06-14
77561,Spoken_eng_hindi,2021-06-14
78096,spoken-english,2021-06-14
78409,spoken-english,2021-06-17
78409,TNPSC,2021-06-14
78626,eng_car_success,2021-06-14
78626,spoken-english,2021-06-14
78626,Public_Speaking,2021-06-14
78626,GATE_Electronics,2021-06-14
78626,Fin_Acc,2021-06-14
78626,Apti_ess,2021-06-15
79702,Spoken_eng_hindi,2021-06-14
79713,spoken-english,2021-07-02
79713,kerala-psc,2021-06-16
79713,Digi_Mark,2021-06-16
79713,Apti_ess,2021-06-14
79713,karnataka-psc,2021-07-23
79799,kerala-psc,2021-06-21
79799,KPSC_Driver,2021-06-14
80150,spoken-english,2021-06-14
80150,ssc,2021-06-14
80559,Spoken_eng_hindi,2021-06-14
80603,Spoken_eng_hindi,2021-06-14
81042,Spoken_eng_hindi,2021-06-14
81042,STUH,2021-06-14
81990,kerala-psc,2021-06-14
81990,Eng_Inver_Coc,2021-06-14
82343,kerala-psc,2021-06-14
82343,Civil_Tech,2021-06-14
82343,Mech_Tech,2021-06-30
83016,cet,2021-06-14
83016,Spoken_eng_hindi,2021-06-14
83029,Spoken_eng_hindi,2021-06-14
86603,Eng_Inver_Coc,2021-06-15
87068,Spoken_eng_hindi,2021-08-02
87138,Spoken_eng_hindi,2021-06-15
87284,rrb,2021-07-06
87284,Tet,2021-06-15
87884,kerala-psc,2021-06-23
87884,OP_KWA,2021-06-23
87884,Civil_Tech,2021-06-15
88653,Spoken_eng_hindi,2021-06-15
88846,kerala-psc,2021-06-15
89201,Spoken_eng_hindi,2021-06-15
89213,Civil_Tech,2021-06-15
89386,Spoken_eng_hindi,2021-06-15
89497,Anb_eng,2021-06-15
89497,SE_Junior,2021-06-16
89858,Spoken_eng_hindi,2021-06-15
90187,Eng_Inver_Coc,2021-06-15
90705,kerala-psc,2021-06-24
90705,Civil_Tech,2021-06-24
90705,Staff_Nurse,2021-06-24
90782,spoken-english,2021-06-16
91086,Spoken_eng_hindi,2021-06-16
91932,spoken-english,2021-06-19
91932,kerala-psc,2021-07-03
91932,Eng_Inver_Coc,2021-06-16
92058,kerala-psc,2021-06-16
92058,NET,2021-06-16
92058,ssc,2021-06-16
92432,Spoken_eng_hindi,2021-06-16
92982,Spoken_eng_hindi,2021-06-16
93475,BANK-INS,2021-06-16
93475,cet,2021-06-16
93774,ssc,2021-06-16
94673,spoken-english,2021-06-16
94673,kerala-psc,2021-06-25
94673,Eng_Inver_Coc,2021-06-25
95712,Spoken_eng_hindi,2021-06-16
96172,Spoken_eng_hindi,2021-06-16
96308,spoken-english,2021-06-16
96798,spoken-english,2021-06-22
96798,KTET,2021-06-16
96798,ssc,2021-06-16
96887,Spoken_eng_hindi,2021-06-16
97220,Spoken_eng_hindi,2021-06-16
97285,Group_2_2A,2021-07-08
97285,TNPSC,2021-06-16
98718,BANK-INS,2021-06-16
98764,Public_Speaking,2021-06-16
99595,Spoken_eng_hindi,2021-06-17
100171,kerala-psc,2021-06-17
101988,kerala-psc,2021-06-17
101988,KPSC_Driver,2021-06-17
102410,Spoken_eng_hindi,2021-06-17
102498,spoken-english,2021-06-17
103374,kerala-psc,2021-06-17
103915,Anb_eng,2021-06-17
104394,Spoken_eng_hindi,2021-06-17
104609,HCA_Kerala,2021-07-17
104609,Spoken_eng_hindi,2021-06-17
104609,Police_Exams_Special,2021-07-14
104666,Civil_Tech,2021-06-17
104979,kerala-psc,2021-06-17
104979,OP_KWA,2021-06-18
105225,Spoken_eng_hindi,2021-06-17
105297,Spoken_eng_hindi,2021-06-17
105377,kerala-psc,2021-06-20
105377,Staff_Nurse,2021-06-17
106048,kerala-psc,2021-06-17
106343,BANK-INS,2021-06-17
106394,Quant_Easy,2021-06-17
106598,Spoken_eng_hindi,2021-06-17
106598,DSSSB,2021-06-19
106598,ssc,2021-06-18
106711,TNPSC,2021-06-18
106963,Spoken_eng_hindi,2021-06-18
108107,TNPSC,2021-06-18
108107,Apti_ess,2021-06-18
108778,BANK-INS,2021-06-18
108778,ssc,2021-06-18
108923,kerala-psc,2021-06-18
110434,Spoken_eng_hindi,2021-06-18
110586,Spoken_eng_hindi,2021-06-18
110896,spoken-english,2021-06-18
111537,kerala-psc,2021-06-18
111537,Civil_Tech,2021-06-18
111537,Mech_Tech,2021-07-02
111721,Spoken_eng_hindi,2021-06-18
111721,Apti_ess,2021-06-20
111765,PCB_Tech,2021-06-28
111765,spoken-english,2021-06-23
111765,BANK-INS,2021-06-28
111765,kerala-psc,2021-06-18
111765,OP_KWA,2021-06-28
111765,MPGOVT,2021-07-12
111765,VIDEO-TEST,2021-06-23
111765,KPSC_Driver,2021-06-22
111765,EEE,2021-06-28
111765,ENTRI_GOLD,2021-07-02
111765,Stock_mar,2021-07-12
111765,Computer_Tech,2021-06-28
111765,GATE_Civil,2021-06-28
111765,Civil_Tech,2021-06-28
111765,GATE_Electronics,2021-06-28
111765,GATE_Mechanical,2021-06-28
111765,Staff_Nurse,2021-06-28
111765,Digi_Mark,2021-06-28
111765,Mech_Tech,2021-06-28
111765,GATE-Electrical,2021-06-28
111765,UPGOVT,2021-07-19
111765,Eng_Inver_Coc,2021-06-28
111765,K_HSA,2021-06-28
111765,Kerala_AS,2021-06-28
111765,KTET,2021-06-28
111765,rrb,2021-06-25
111765,EC_Tech,2021-06-28
111765,Video- Test 2,2021-06-28
111765,Apti_ess,2021-06-28
111765,NET,2021-06-28
111765,ssc,2021-06-23
111882,K_HSA,2021-06-18
111952,kerala-psc,2021-06-18
112250,MPGOVT,2021-06-18
112250,Spoken_eng_hindi,2021-06-18
113055,kerala-psc,2021-06-22
113055,OP_KWA,2021-07-05
113055,EEE,2021-06-18
113340,Spoken_eng_hindi,2021-06-18
113340,ssc,2021-06-18
114837,Spoken_eng_hindi,2021-06-18
115622,Anb_eng,2021-06-19
115705,ssc,2021-06-19
116092,Spoken_eng_hindi,2021-06-19
117520,Spoken_eng_hindi,2021-06-19
118804,TSPSC,2021-06-24
118804,spoken-english,2021-06-19
118804,APPSC,2021-06-24
118804,Eng_With_Awal,2021-06-19
120725,kerala-psc,2021-06-19
121311,spoken-english,2021-06-19
121434,spoken-english,2021-06-19
121434,KPSC_Driver,2021-06-20
121538,spoken-english,2021-06-19
121538,TNPSC,2021-06-19
121538,Anb_eng,2021-06-19
121538,SE_Junior,2021-06-19
121791,Spoken_eng_hindi,2021-06-19
121949,Group_1,2021-06-19
121949,ssc,2021-06-19
122225,Spoken_eng_hindi,2021-06-19
122886,Eng_Inver_Coc,2021-06-20
123027,APPSC,2021-06-20
123854,Spoken_eng_hindi,2021-06-20
124096,Spoken_eng_hindi,2021-06-20
124499,spoken-english,2021-06-20
124508,BANK-INS,2021-06-20
126073,TNPSC,2021-06-20
126073,ssc,2021-06-20
126290,spoken-english,2021-06-20
126290,Digi_Mark,2021-06-20
126766,Anb_eng,2021-06-20
127049,GATE_Civil,2021-06-20
127675,Spoken_eng_hindi,2021-06-20
127945,eng_car_success,2021-06-20
128150,Staff_Nurse,2021-06-20
128150,Apti_ess,2021-06-20
128155,Eng_Inver_Coc,2021-06-20
128155,KTET,2021-06-20
128927,SE_Junior,2021-06-20
129193,Spoken_eng_hindi,2021-06-20
129363,spoken-english,2021-06-20
129707,spoken-english,2021-07-02
129707,BANK-INS,2021-07-01
129707,Anb_eng,2021-06-20
129707,SE_Junior,2021-06-29
129986,spoken-english,2021-06-20
130203,spoken-english,2021-06-21
131167,BANK-INS,2021-06-21
131167,rrb,2021-06-21
132110,spoken-english,2021-06-21
132548,TNPSC,2021-06-21
134886,kerala-psc,2021-06-26
134886,Civil_Tech,2021-06-21
135474,Spoken_eng_hindi,2021-06-21
135754,TSPSC,2021-06-21
135896,Spoken_eng_hindi,2021-06-21
136202,spoken-english,2021-06-21
136592,Spoken_eng_hindi,2021-06-21
136944,kerala-psc,2021-06-22
136944,K_HSA,2021-07-17
136976,rrb,2021-06-22
137006,TNPSC,2021-06-22
137006,rrb,2021-06-22
137417,rrb,2021-06-22
137700,Group_1,2021-06-22
137700,spoken-english,2021-06-22
137700,Apti_ess,2021-06-22
138201,ssc,2021-06-22
138440,spoken-english,2021-06-22
138440,Anb_eng,2021-06-22
138440,SE_Junior,2021-07-03
139408,BPSC,2021-06-27
139408,ssc,2021-06-22
139721,PCB_Tech,2021-06-22
139721,TSPSC,2021-06-22
139721,HCA_Kerala,2021-07-16
139721,eng_car_success,2021-06-22
139721,spoken-english,2021-06-22
139721,BANK-INS,2021-06-22
139721,PET,2021-06-22
139721,Trade_ML,2021-07-23
139721,Group_2_2A,2021-07-12
139721,TNPSC,2021-06-22
139721,kerala-psc,2021-06-22
139721,BPSC,2021-06-22
139721,OP_KWA,2021-06-22
139721,Public_Speaking,2021-06-22
139721,MPGOVT,2021-06-22
139721,VIDEO-TEST,2021-07-16
139721,KPSC_Driver,2021-06-22
139721,cet,2021-06-22
139721,EEE,2021-06-22
139721,ENTRI_GOLD,2021-07-27
139721,Stock_mar,2021-06-22
139721,Computer_Tech,2021-06-22
139721,APPSC,2021-06-22
139721,GATE_Civil,2021-06-22
139721,Civil_Tech,2021-06-22
139721,GATE_Electronics,2021-06-22
139721,Spoken_eng_hindi,2021-06-22
139721,Youtube_telugu,2021-06-22
139721,GATE_Mechanical,2021-06-22
139721,Anb_eng,2021-06-22
139721,Staff_Nurse,2021-06-22
139721,Eng_With_Awal,2021-06-22
139721,Digi_Mark,2021-06-22
139721,Mech_Tech,2021-06-22
139721,SE_Junior,2021-06-22
139721,GATE-Electrical,2021-06-22
139721,STUH,2021-06-22
139721,UPGOVT,2021-06-22
139721,Eng_Inver_Coc,2021-06-22
139721,K_HSA,2021-06-22
139721,Kerala_AS,2021-06-22
139721,KTET,2021-06-22
139721,rrb,2021-06-22
139721,EC_Tech,2021-06-22
139721,Quant_Easy,2021-06-22
139721,Tet,2021-06-22
139721,Busi_Course,2021-06-22
139721,Fin_Acc,2021-06-22
139721,DSSSB,2021-06-22
139721,Arts_Sales,2021-06-22
139721,SUPERTET,2021-06-22
139721,Apti_ess,2021-06-22
139721,NET,2021-06-22
139721,karnataka-psc,2021-06-22
139721,CO-BANK,2021-07-16
139721,ssc,2021-06-22
140453,Spoken_eng_hindi,2021-06-22
140697,kerala-psc,2021-06-22
140697,NET,2021-06-22
141215,kerala-psc,2021-06-22
141215,OP_KWA,2021-07-17
141215,Eng_Inver_Coc,2021-07-19
141298,Spoken_eng_hindi,2021-06-22
141525,kerala-psc,2021-06-22
141591,Eng_Inver_Coc,2021-06-22
141836,Spoken_eng_hindi,2021-06-22
141844,kerala-psc,2021-06-22
142234,Spoken_eng_hindi,2021-06-22
142315,kerala-psc,2021-06-22
142315,NET,2021-07-17
142885,Spoken_eng_hindi,2021-06-22
144412,PCB_Tech,2021-06-23
144412,kerala-psc,2021-07-30
144649,Spoken_eng_hindi,2021-06-23
144826,kerala-psc,2021-06-23
145199,Apti_ess,2021-06-23
145829,Spoken_eng_hindi,2021-06-23
146028,Spoken_eng_hindi,2021-06-23
146116,Apti_ess,2021-06-23
147198,Spoken_eng_hindi,2021-06-23
147358,PCB_Tech,2021-06-24
147358,kerala-psc,2021-06-24
147358,Digi_Mark,2021-06-24
147358,Eng_Inver_Coc,2021-06-24
147358,Kerala_AS,2021-06-23
147358,KTET,2021-06-24
147358,NET,2021-06-24
147750,Spoken_eng_hindi,2021-06-23
147964,Spoken_eng_hindi,2021-06-23
148271,kerala-psc,2021-06-24
148303,kerala-psc,2021-06-24
149264,kerala-psc,2021-06-24
149264,rrb,2021-06-24
149419,KTET,2021-06-24
149670,Apti_ess,2021-06-24
149901,spoken-english,2021-06-24
149989,KTET,2021-07-24
149989,Apti_ess,2021-06-24
150098,BANK-INS,2021-06-24
150098,Spoken_eng_hindi,2021-06-24
150634,Spoken_eng_hindi,2021-06-24
150909,spoken-english,2021-06-24
151341,Spoken_eng_hindi,2021-06-24
151840,Spoken_eng_hindi,2021-06-24
152164,spoken-english,2021-06-24
152164,Youtube_telugu,2021-06-24
152458,spoken-english,2021-06-27
152458,Anb_eng,2021-06-24
152621,spoken-english,2021-06-24
153438,kerala-psc,2021-06-25
153438,CDP_SKSSF,2021-06-26
153686,Spoken_eng_hindi,2021-06-25
153799,Spoken_eng_hindi,2021-06-25
154365,TNPSC,2021-06-25
154650,BANK-INS,2021-06-25
154650,Group_2_2A,2021-07-08
154650,TNPSC,2021-06-25
154668,kerala-psc,2021-06-25
154668,ENTRI_GOLD,2021-06-25
154857,SE_Junior,2021-06-25
154857,karnataka-psc,2021-06-25
154908,TSPSC,2021-06-25
154908,Group_1,2021-06-29
154908,APPSC,2021-06-29
154944,KPSC_Driver,2021-06-25
156344,Spoken_eng_hindi,2021-06-25
156724,Spoken_eng_hindi,2021-06-25
157324,Spoken_eng_hindi,2021-06-25
157791,Spoken_eng_hindi,2021-06-25
158909,spoken-english,2021-06-26
159497,kerala-psc,2021-06-26
159497,Eng_Inver_Coc,2021-06-26
159777,SE_Junior,2021-06-26
159948,TNPSC,2021-06-26
160003,Spoken_eng_hindi,2021-06-26
160003,GATE-Electrical,2021-06-26
160547,BANK-INS,2021-06-26
161143,spoken-english,2021-06-26
161143,SE_Junior,2021-06-29
161143,rrb,2021-06-29
161490,Spoken_eng_hindi,2021-06-26
161619,Spoken_eng_hindi,2021-06-26
161864,spoken-english,2021-06-26
162133,spoken-english,2021-06-26
163179,Spoken_eng_hindi,2021-06-26
163179,Apti_ess,2021-06-26
165380,spoken-english,2021-06-27
166466,BANK-INS,2021-06-27
166786,BANK-INS,2021-06-27
166786,Spoken_eng_hindi,2021-06-27
166909,spoken-english,2021-06-27
167432,BANK-INS,2021-06-27
167684,Spoken_eng_hindi,2021-06-27
168195,spoken-english,2021-06-27
168195,Anb_eng,2021-06-27
168337,Spoken_eng_hindi,2021-06-28
168346,TSPSC,2021-06-28
168564,Digi_Mark,2021-06-28
168857,ssc,2021-06-28
168882,Spoken_eng_hindi,2021-06-28
168940,kerala-psc,2021-06-28
168940,CDP_SKSSF,2021-06-28
168940,K_HSA,2021-06-29
169264,spoken-english,2021-06-28
169432,Spoken_eng_hindi,2021-06-28
169928,spoken-english,2021-06-28
171072,PCB_Tech,2021-06-28
171072,kerala-psc,2021-06-28
171460,Spoken_eng_hindi,2021-06-28
171625,rrb,2021-06-28
171663,Spoken_eng_hindi,2021-06-28
171698,Spoken_eng_hindi,2021-06-28
171726,Spoken_eng_hindi,2021-06-28
171826,Stock_mar,2021-07-30
171826,Spoken_eng_hindi,2021-06-28
172862,Spoken_eng_hindi,2021-06-28
172873,karnataka-psc,2021-06-28
173408,Spoken_eng_hindi,2021-06-29
173584,Spoken_eng_hindi,2021-06-29
173886,spoken-english,2021-06-29
173886,kerala-psc,2021-06-29
173886,Eng_Inver_Coc,2021-06-29
174164,kerala-psc,2021-06-29
174169,BANK-INS,2021-07-03
174169,kerala-psc,2021-06-29
174169,Kerala_AS,2021-07-29
174489,spoken-english,2021-06-29
174794,TSPSC,2021-07-06
174794,spoken-english,2021-07-06
174794,APPSC,2021-06-29
174794,rrb,2021-07-06
174794,Tet,2021-07-06
175103,kerala-psc,2021-06-29
175103,KPSC_Driver,2021-06-30
175103,CDP_SKSSF,2021-06-29
175229,Spoken_eng_hindi,2021-06-29
175451,PCB_Tech,2021-07-12
175451,kerala-psc,2021-07-09
175451,KPSC_Driver,2021-06-29
175451,KTET,2021-07-14
175816,kerala-psc,2021-06-29
175816,CDP_SKSSF,2021-06-30
175823,Spoken_eng_hindi,2021-06-29
176025,spoken-english,2021-06-29
176025,SE_Junior,2021-06-29
176077,Spoken_eng_hindi,2021-06-29
176077,ssc,2021-07-15
176107,kerala-psc,2021-06-29
176107,CDP_SKSSF,2021-06-29
176171,KPSC_Driver,2021-06-29
176171,CDP_SKSSF,2021-06-29
176293,Spoken_eng_hindi,2021-06-29
176576,Eng_Inver_Coc,2021-06-29
176623,kerala-psc,2021-06-29
176623,CDP_SKSSF,2021-06-30
176848,kerala-psc,2021-07-01
176848,CDP_SKSSF,2021-06-30
176926,spoken-english,2021-06-30
177351,Spoken_eng_hindi,2021-06-30
177795,Spoken_eng_hindi,2021-06-30
178088,kerala-psc,2021-06-30
178088,KPSC_Driver,2021-06-30
178176,spoken-english,2021-06-30
178208,kerala-psc,2021-06-30
178241,Spoken_eng_hindi,2021-06-30
178629,spoken-english,2021-06-30
179089,spoken-english,2021-07-01
179089,Anb_eng,2021-07-01
179987,spoken-english,2021-07-19
179987,kerala-psc,2021-07-01
179987,Digi_Mark,2021-07-06
179987,ssc,2021-07-06
180229,spoken-english,2021-07-01
180992,kerala-psc,2021-07-01
180992,Eng_Inver_Coc,2021-07-01
181178,Spoken_eng_hindi,2021-07-01
181441,Spoken_eng_hindi,2021-07-01
181788,spoken-english,2021-07-27
181788,kerala-psc,2021-07-01
181788,CDP_SKSSF,2021-07-01
181788,Eng_Inver_Coc,2021-07-03
182010,Spoken_eng_hindi,2021-07-01
182010,SUPERTET,2021-07-04
182268,UPGOVT,2021-07-01
182268,ssc,2021-07-01
182544,BANK-INS,2021-07-01
182544,MPGOVT,2021-07-01
182587,TSPSC,2021-07-06
182587,Group_1,2021-07-02
182587,eng_car_success,2021-07-03
182587,spoken-english,2021-07-01
182587,BANK-INS,2021-07-02
182587,PET,2021-07-02
182587,Public_Speaking,2021-07-08
182587,EEE,2021-07-15
182587,APPSC,2021-07-09
182587,Eng_With_Awal,2021-07-03
182587,Police_Exams_Special,2021-07-28
182587,I_S_T,2021-07-01
182587,rrb,2021-07-02
182587,Quant_Easy,2021-07-02
182587,Tet,2021-07-09
182587,Fin_Acc,2021-07-02
182587,Apti_ess,2021-07-03
182587,ssc,2021-07-02
182836,kerala-psc,2021-07-01
182836,CDP_SKSSF,2021-07-02
182960,kerala-psc,2021-07-01
182960,CDP_SKSSF,2021-07-02
183030,kerala-psc,2021-07-01
183030,CDP_SKSSF,2021-07-02
183157,Spoken_eng_hindi,2021-07-01
183234,KPSC_Driver,2021-07-01
183640,spoken-english,2021-07-01
185252,NET,2021-07-02
185364,Eng_Inver_Coc,2021-07-03
185364,Apti_ess,2021-07-02
185830,spoken-english,2021-07-02
186037,eng_car_success,2021-07-02
186100,rrb,2021-07-02
186523,spoken-english,2021-07-02
186523,Anb_eng,2021-07-02
186964,BANK-INS,2021-07-02
187071,ssc,2021-07-02
188027,spoken-english,2021-07-02
188393,spoken-english,2021-07-02
188393,TNPSC,2021-07-02
188393,rrb,2021-07-02
188711,PCB_Tech,2021-07-03
188711,BANK-INS,2021-07-12
188711,kerala-psc,2021-07-02
188711,OP_KWA,2021-07-03
188711,rrb,2021-07-03
188965,BANK-INS,2021-07-02
188965,Spoken_eng_hindi,2021-07-02
189279,TNPSC,2021-07-02
189736,Spoken_eng_hindi,2021-07-02
189738,kerala-psc,2021-07-02
189925,Spoken_eng_hindi,2021-07-02
190166,spoken-english,2021-07-02
190290,spoken-english,2021-07-02
190648,Group_1,2021-07-02
190648,spoken-english,2021-07-02
190648,APPSC,2021-07-02
190648,GATE_Civil,2021-07-02
190648,Eng_With_Awal,2021-07-02
190771,Spoken_eng_hindi,2021-07-02
191761,Spoken_eng_hindi,2021-07-03
191794,spoken-english,2021-07-03
193247,Apti_ess,2021-07-03
193673,kerala-psc,2021-07-04
193673,KPSC_Driver,2021-07-03
193673,Staff_Nurse,2021-07-04
193673,NET,2021-07-04
194632,Spoken_eng_hindi,2021-07-03
194975,KTET,2021-07-03
196300,kerala-psc,2021-07-03
196300,Kerala_AS,2021-07-03
196414,Anb_eng,2021-07-03
196684,spoken-english,2021-07-03
197487,Apti_ess,2021-07-03
197962,Anb_eng,2021-07-03
198631,spoken-english,2021-07-03
199006,spoken-english,2021-07-03
199006,Anb_eng,2021-07-03
199102,Apti_ess,2021-07-04
200109,kerala-psc,2021-07-04
200109,K_HSA,2021-07-04
200109,Kerala_AS,2021-07-04
200399,TSPSC,2021-07-04
200399,GATE_Mechanical,2021-07-04
200545,rrb,2021-07-04
200545,ssc,2021-07-04
200700,Spoken_eng_hindi,2021-07-04
200739,Mech_Tech,2021-07-04
201027,kerala-psc,2021-07-04
201027,Computer_Tech,2021-07-04
201210,KTET,2021-07-04
201466,KPSC_Driver,2021-07-04
201481,TNPSC,2021-07-04
201481,Anb_eng,2021-07-07
201481,rrb,2021-07-04
201710,Spoken_eng_hindi,2021-07-04
202153,rrb,2021-07-04
202419,MPGOVT,2021-07-04
202984,kerala-psc,2021-07-04
203281,ssc,2021-07-04
203696,TNPSC,2021-07-04
203696,Apti_ess,2021-07-04
204454,kerala-psc,2021-07-04
204540,spoken-english,2021-07-04
205241,Spoken_eng_hindi,2021-07-04
205307,Kerala_AS,2021-07-04
205469,spoken-english,2021-07-04
205469,Eng_Inver_Coc,2021-07-07
205592,spoken-english,2021-07-04
206274,Spoken_eng_hindi,2021-07-04
206455,kerala-psc,2021-07-04
207226,Apti_ess,2021-07-05
207226,NET,2021-07-06
207858,rrb,2021-07-05
208450,spoken-english,2021-07-05
208495,spoken-english,2021-07-05
208495,Anb_eng,2021-07-07
209843,Spoken_eng_hindi,2021-07-05
210661,Spoken_eng_hindi,2021-07-11
210661,Arts_Sales,2021-07-05
210665,spoken-english,2021-07-05
210665,Eng_Inver_Coc,2021-07-05
210984,Spoken_eng_hindi,2021-07-05
211158,spoken-english,2021-07-05
211382,BANK-INS,2021-07-05
212260,Spoken_eng_hindi,2021-07-05
212469,rrb,2021-07-24
212626,Eng_With_Awal,2021-07-05
213215,cet,2021-07-05
213215,Spoken_eng_hindi,2021-07-05
213951,ssc,2021-07-05
214568,Spoken_eng_hindi,2021-07-05
215322,rrb,2021-07-05
216546,TNPSC,2021-07-06
216546,rrb,2021-07-14
216806,spoken-english,2021-07-06
216806,SE_Junior,2021-07-06
218193,Spoken_eng_hindi,2021-07-06
219331,spoken-english,2021-07-08
219331,Anb_eng,2021-07-06
219331,rrb,2021-07-06
219363,kerala-psc,2021-07-06
219363,Eng_Inver_Coc,2021-07-08
219527,Spoken_eng_hindi,2021-07-06
219786,Group_2_2A,2021-07-14
219786,TNPSC,2021-07-06
220264,PCB_Tech,2021-07-06
220264,HCA_Kerala,2021-07-24
220264,kerala-psc,2021-07-06
220264,OP_KWA,2021-07-06
220264,Digi_Mark,2021-07-06
220264,K_HSA,2021-07-06
220264,Kerala_AS,2021-07-06
220264,NET,2021-07-06
220901,BANK-INS,2021-07-06
220901,kerala-psc,2021-07-06
220901,rrb,2021-07-06
221015,TNPSC,2021-07-06
221031,spoken-english,2021-07-06
221100,Spoken_eng_hindi,2021-07-06
222434,Spoken_eng_hindi,2021-07-06
225181,Anb_eng,2021-07-07
225278,spoken-english,2021-07-07
225573,ssc,2021-07-07
226404,Spoken_eng_hindi,2021-07-07
228010,spoken-english,2021-07-07
228147,Spoken_eng_hindi,2021-07-07
228724,spoken-english,2021-07-07
229717,Group_2_2A,2021-07-07
229717,TNPSC,2021-07-07
229734,kerala-psc,2021-07-07
229734,CDP_SKSSF,2021-07-12
229734,ENTRI_GOLD,2021-07-08
230389,BANK-INS,2021-07-07
230648,kerala-psc,2021-07-07
230648,K_HSA,2021-07-08
230701,kerala-psc,2021-07-07
231000,kerala-psc,2021-07-08
231000,CDP_SKSSF,2021-07-08
231000,K_HSA,2021-07-08
231355,Spoken_eng_hindi,2021-07-07
231355,STUH,2021-07-07
231381,TNPSC,2021-07-07
231984,spoken-english,2021-07-07
231984,TNPSC,2021-07-28
232285,Group_2_2A,2021-07-07
232285,TNPSC,2021-07-07
232422,Spoken_eng_hindi,2021-07-07
232850,SE_Junior,2021-07-07
232957,Staff_Nurse,2021-07-07
233588,HCA_Kerala,2021-07-11
233588,CTET,2021-07-11
233588,kerala-psc,2021-07-07
233588,OP_KWA,2021-07-11
233588,EEE,2021-07-11
233588,Computer_Tech,2021-07-11
233588,K_HSA,2021-07-07
233588,Kerala_AS,2021-07-11
233588,NET,2021-07-07
233588,ssc,2021-07-11
233800,spoken-english,2021-07-08
234012,Spoken_eng_hindi,2021-07-08
235498,spoken-english,2021-07-23
235498,Eng_Inver_Coc,2021-07-08
235748,rrb,2021-07-08
236083,kerala-psc,2021-07-08
236234,DSSSB,2021-07-08
236920,UPGOVT,2021-07-08
238364,spoken-english,2021-07-08
238685,Spoken_eng_hindi,2021-07-08
238854,KPSC_Driver,2021-07-08
239784,Spoken_eng_hindi,2021-07-08
239790,Spoken_eng_hindi,2021-07-08
239893,Apti_ess,2021-07-08
241655,Eng_Inver_Coc,2021-07-08
241728,Spoken_eng_hindi,2021-07-08
241906,TNPSC,2021-07-08
241906,Anb_eng,2021-07-08
241984,HCA_Kerala,2021-07-17
241984,kerala-psc,2021-07-08
243084,spoken-english,2021-07-09
243084,TNPSC,2021-07-09
243126,Eng_Inver_Coc,2021-07-09
243862,spoken-english,2021-07-09
244599,HCA_Kerala,2021-07-14
244599,kerala-psc,2021-07-09
244599,Apti_ess,2021-07-09
244599,NET,2021-07-09
244791,Group_1,2021-07-09
244791,Eng_With_Awal,2021-07-09
244791,Police_Exams_Special,2021-07-09
245454,Spoken_eng_hindi,2021-07-09
245762,spoken-english,2021-07-09
247742,spoken-english,2021-07-09
247822,spoken-english,2021-07-09
248413,Spoken_eng_hindi,2021-07-09
248882,Group_2_2A,2021-07-09
249636,spoken-english,2021-07-09
250611,TSPSC,2021-07-10
250723,spoken-english,2021-07-10
250998,Spoken_eng_hindi,2021-07-10
251304,BANK-INS,2021-07-10
251304,ssc,2021-07-12
251459,Spoken_eng_hindi,2021-07-10
251500,spoken-english,2021-07-10
251920,Spoken_eng_hindi,2021-07-10
252181,rrb,2021-07-10
252799,Spoken_eng_hindi,2021-07-10
253202,GATE_Electronics,2021-07-13
253202,Spoken_eng_hindi,2021-07-10
254019,BANK-INS,2021-07-10
254019,kerala-psc,2021-07-10
254343,spoken-english,2021-07-11
254343,Eng_Inver_Coc,2021-07-10
255162,rrb,2021-07-10
256570,Spoken_eng_hindi,2021-07-10
257246,spoken-english,2021-07-10
257692,Spoken_eng_hindi,2021-07-10
258125,spoken-english,2021-07-10
258125,TNPSC,2021-07-10
258726,Spoken_eng_hindi,2021-07-10
259160,rrb,2021-07-11
260014,Eng_Inver_Coc,2021-07-11
260531,cet,2021-07-12
260531,Spoken_eng_hindi,2021-07-11
260531,Arts_Sales,2021-07-12
261149,Spoken_eng_hindi,2021-07-11
261515,KTET,2021-07-11
262154,HCA_Kerala,2021-07-11
262154,spoken-english,2021-07-11
262154,kerala-psc,2021-07-11
262154,EEE,2021-07-11
262154,Eng_Inver_Coc,2021-07-25
262154,Kerala_AS,2021-07-25
262154,rrb,2021-07-11
262154,CO-BANK,2021-07-25
262173,EEE,2021-07-11
262932,Spoken_eng_hindi,2021-07-11
263307,kerala-psc,2021-07-11
264952,ssc,2021-07-11
265007,KPSC_Driver,2021-07-11
265007,Civil_Tech,2021-07-13
265033,spoken-english,2021-07-11
265188,Spoken_eng_hindi,2021-07-11
265860,BANK-INS,2021-07-11
265984,kerala-psc,2021-07-11
266342,Spoken_eng_hindi,2021-07-11
266985,BANK-INS,2021-07-11
267252,Spoken_eng_hindi,2021-07-11
267883,spoken-english,2021-07-12
267883,Anb_eng,2021-07-12
267883,SE_Junior,2021-07-12
267883,GATE-Electrical,2021-07-12
268182,Spoken_eng_hindi,2021-07-12
268248,Spoken_eng_hindi,2021-07-12
268343,ssc,2021-07-12
269402,spoken-english,2021-07-14
269402,Anb_eng,2021-07-12
269408,Group_2_2A,2021-07-12
269408,TNPSC,2021-07-12
270260,spoken-english,2021-07-12
270846,BANK-INS,2021-07-12
270898,karnataka-psc,2021-07-12
271316,spoken-english,2021-07-12
271316,Group_2_2A,2021-07-26
271316,Anb_eng,2021-07-12
271461,kerala-psc,2021-07-12
271566,spoken-english,2021-07-12
271953,HCA_Kerala,2021-07-12
272060,eng_car_success,2021-07-12
272060,spoken-english,2021-07-12
272521,Spoken_eng_hindi,2021-07-12
273193,Spoken_eng_hindi,2021-07-12
273814,Spoken_eng_hindi,2021-07-12
273948,ssc,2021-07-12
274156,BANK-INS,2021-07-12
274156,Public_Speaking,2021-07-12
274156,APPSC,2021-07-12
274202,Spoken_eng_hindi,2021-07-12
274229,Eng_With_Awal,2021-07-12
275658,spoken-english,2021-07-12
276009,GATE-Electrical,2021-07-17
276009,UPGOVT,2021-07-13
276080,Staff_Nurse,2021-07-13
276383,Eng_With_Awal,2021-07-13
276967,Group_2_2A,2021-07-13
277267,Spoken_eng_hindi,2021-07-13
277587,Eng_Inver_Coc,2021-07-13
277753,HCA_Kerala,2021-07-13
277753,K_HSA,2021-07-13
278101,Spoken_eng_hindi,2021-07-13
278101,GATE_Mechanical,2021-07-19
279996,spoken-english,2021-07-13
280112,UPGOVT,2021-07-13
280308,BANK-INS,2021-07-13
280308,TNPSC,2021-07-13
281945,BANK-INS,2021-07-13
282288,rrb,2021-07-13
282714,spoken-english,2021-07-13
282875,Spoken_eng_hindi,2021-07-13
282968,kerala-psc,2021-07-13
283356,PCB_Tech,2021-07-13
283356,HCA_Kerala,2021-07-13
283356,kerala-psc,2021-07-13
283356,Apti_ess,2021-07-13
283356,NET,2021-07-13
283356,CO-BANK,2021-07-13
283356,ssc,2021-07-13
284267,eng_car_success,2021-07-13
284306,spoken-english,2021-07-13
284306,GATE_Civil,2021-07-20
284306,Anb_eng,2021-07-13
284306,GATE-Electrical,2021-07-20
284334,Spoken_eng_hindi,2021-07-13
284458,spoken-english,2021-07-13
286841,EEE,2021-07-14
287333,spoken-english,2021-07-14
288116,kerala-psc,2021-07-14
288116,ssc,2021-07-14
288597,BANK-INS,2021-07-14
289058,kerala-psc,2021-07-14
290509,kerala-psc,2021-07-14
290661,HCA_Kerala,2021-07-19
290661,kerala-psc,2021-07-19
290661,K_HSA,2021-07-19
290661,KTET,2021-07-14
290801,rrb,2021-07-22
290801,Quant_Easy,2021-07-22
290801,ssc,2021-07-14
292152,Spoken_eng_hindi,2021-07-14
292188,BANK-INS,2021-07-25
292188,kerala-psc,2021-07-14
292188,GATE_Electronics,2021-07-25
292188,K_HSA,2021-07-25
292188,Kerala_AS,2021-07-25
292188,rrb,2021-07-25
292188,ssc,2021-07-27
292910,APPSC,2021-07-14
293195,Staff_Nurse,2021-07-14
294503,K_HSA,2021-07-15
294507,UPGOVT,2021-07-15
295603,kerala-psc,2021-07-15
295603,VIDEO-TEST,2021-07-29
295603,rrb,2021-07-15
296223,spoken-english,2021-07-15
296456,K_HSA,2021-07-15
296984,spoken-english,2021-07-15
296984,kerala-psc,2021-07-15
297189,UPGOVT,2021-07-15
297321,Spoken_eng_hindi,2021-07-15
297375,spoken-english,2021-07-26
297375,Anb_eng,2021-07-15
297375,SE_Junior,2021-07-15
297375,rrb,2021-07-15
297375,Apti_ess,2021-07-15
297377,spoken-english,2021-07-15
297614,Spoken_eng_hindi,2021-07-15
297836,Spoken_eng_hindi,2021-07-15
297871,spoken-english,2021-07-15
297888,spoken-english,2021-07-15
298006,spoken-english,2021-07-15
299037,CTET,2021-07-17
299037,Spoken_eng_hindi,2021-07-15
299540,rrb,2021-07-15
299833,spoken-english,2021-07-15
299833,kerala-psc,2021-07-15
299833,Eng_Inver_Coc,2021-07-22
299833,EC_Tech,2021-07-15
300032,spoken-english,2021-07-15
300047,HCA_Kerala,2021-07-15
300298,BANK-INS,2021-07-15
300298,Spoken_eng_hindi,2021-07-15
300298,Apti_ess,2021-07-15
300516,spoken-english,2021-07-15
301579,spoken-english,2021-07-16
302431,Anb_eng,2021-07-16
303253,spoken-english,2021-07-16
304011,Spoken_eng_hindi,2021-07-16
304891,Eng_Inver_Coc,2021-07-16
305626,HCA_Kerala,2021-07-16
305673,spoken-english,2021-07-16
306043,spoken-english,2021-07-16
306132,kerala-psc,2021-07-16
307158,spoken-english,2021-07-16
307351,Spoken_eng_hindi,2021-07-16
308882,Spoken_eng_hindi,2021-07-16
308949,Spoken_eng_hindi,2021-07-16
309625,Stock_mar,2021-07-17
309749,spoken-english,2021-07-17
309749,BANK-INS,2021-07-17
309749,Group_2_2A,2021-07-26
309749,TNPSC,2021-07-17
309749,Anb_eng,2021-07-17
309749,rrb,2021-07-17
309749,Apti_ess,2021-07-17
309749,ssc,2021-07-17
310779,kerala-psc,2021-07-20
310779,KTET,2021-07-17
311217,Spoken_eng_hindi,2021-07-17
311243,ssc,2021-07-17
311428,Spoken_eng_hindi,2021-07-17
311620,HCA_Kerala,2021-07-17
313189,spoken-english,2021-07-17
313279,BANK-INS,2021-07-17
313577,BANK-INS,2021-07-17
313762,Group_2_2A,2021-07-17
314241,Eng_Inver_Coc,2021-07-17
314640,spoken-english,2021-07-18
314640,Eng_Inver_Coc,2021-07-17
315935,Stock_mar,2021-07-17
315996,spoken-english,2021-07-17
316054,Anb_eng,2021-07-17
316386,kerala-psc,2021-07-18
316386,KPSC_Driver,2021-07-18
316386,CDP_SKSSF,2021-07-18
316386,GATE_Civil,2021-07-23
316386,Apti_ess,2021-07-18
317081,spoken-english,2021-07-18
317155,Spoken_eng_hindi,2021-07-18
317175,Spoken_eng_hindi,2021-07-18
317685,Mech_Tech,2021-07-18
318786,Eng_With_Awal,2021-07-18
319002,spoken-english,2021-07-18
319002,OP_KWA,2021-07-18
319002,GATE_Electronics,2021-07-18
319002,Digi_Mark,2021-07-18
319002,Eng_Inver_Coc,2021-07-18
319002,Apti_ess,2021-07-18
319002,ssc,2021-07-24
319272,SUPERTET,2021-07-18
319388,HCA_Kerala,2021-07-18
319388,Apti_ess,2021-07-18
319737,Eng_With_Awal,2021-07-18
320540,Spoken_eng_hindi,2021-07-18
320764,spoken-english,2021-07-18
320819,Spoken_eng_hindi,2021-07-30
321583,BANK-INS,2021-07-18
321857,spoken-english,2021-07-18
321858,Police_Exams_Special,2021-07-18
322067,Group_2_2A,2021-07-18
323211,HCA_Kerala,2021-07-26
323211,kerala-psc,2021-07-18
323211,EEE,2021-07-19
323237,Spoken_eng_hindi,2021-07-18
323650,TNPSC,2021-07-19
323757,spoken-english,2021-07-19
324221,GATE_Civil,2021-07-22
324221,Spoken_eng_hindi,2021-07-19
324841,Spoken_eng_hindi,2021-07-19
324841,STUH,2021-07-19
324841,ssc,2021-07-19
325684,DSSSB,2021-07-19
325735,spoken-english,2021-07-19
325735,Eng_Inver_Coc,2021-07-19
326446,kerala-psc,2021-07-19
326446,VIDEO-TEST,2021-07-26
326446,KPSC_Driver,2021-07-26
326446,UPGOVT,2021-07-19
326446,Video- Test 2,2021-07-26
327747,spoken-english,2021-07-19
327892,Anb_eng,2021-07-19
328366,Spoken_eng_hindi,2021-07-19
328970,K_HSA,2021-07-19
328970,ssc,2021-07-19
328985,Spoken_eng_hindi,2021-07-19
330097,Spoken_eng_hindi,2021-07-19
330097,Apti_ess,2021-07-19
330199,spoken-english,2021-07-19
330486,Spoken_eng_hindi,2021-07-19
332143,Spoken_eng_hindi,2021-07-20
332143,STUH,2021-07-22
332293,kerala-psc,2021-07-20
333016,kerala-psc,2021-07-20
333016,CDP_SKSSF,2021-07-22
333016,Eng_Inver_Coc,2021-07-20
333016,K_HSA,2021-07-20
333016,Kerala_AS,2021-07-20
333016,rrb,2021-07-29
333452,spoken-english,2021-07-20
333562,kerala-psc,2021-07-20
334311,Spoken_eng_hindi,2021-07-20
334465,spoken-english,2021-07-20
334536,Group_2_2A,2021-07-20
334536,TNPSC,2021-07-20
335013,ssc,2021-07-20
335233,BANK-INS,2021-07-20
335233,Kerala_AS,2021-07-20
336119,Stock_mar,2021-07-20
336975,Spoken_eng_hindi,2021-07-20
337722,Spoken_eng_hindi,2021-07-21
338224,BANK-INS,2021-07-21
338224,kerala-psc,2021-07-21
338224,Civil_Tech,2021-07-21
338224,ssc,2021-07-21
338353,kerala-psc,2021-07-29
338353,KTET,2021-07-21
338577,Spoken_eng_hindi,2021-07-21
339310,spoken-english,2021-07-21
339432,Spoken_eng_hindi,2021-07-21
339464,Public_Speaking,2021-07-21
339773,kerala-psc,2021-07-21
339773,OP_KWA,2021-07-26
339773,K_HSA,2021-07-21
339773,rrb,2021-07-21
340262,Group_2_2A,2021-07-21
340262,TNPSC,2021-07-21
340487,Spoken_eng_hindi,2021-07-21
340934,spoken-english,2021-07-21
341255,spoken-english,2021-07-21
341566,kerala-psc,2021-07-21
342133,kerala-psc,2021-07-21
342207,SE_Junior,2021-07-21
342761,HCA_Kerala,2021-07-21
342761,spoken-english,2021-07-21
342761,Eng_Inver_Coc,2021-07-21
343071,spoken-english,2021-07-21
343071,SE_Junior,2021-07-21
343379,CTET,2021-07-21
343543,ssc,2021-07-21
343939,spoken-english,2021-07-22
344428,BANK-INS,2021-07-22
345287,Spoken_eng_hindi,2021-07-22
346708,kerala-psc,2021-07-22
347170,BANK-INS,2021-07-22
347821,kerala-psc,2021-07-22
349523,BANK-INS,2021-07-22
349898,Spoken_eng_hindi,2021-07-23
350110,Spoken_eng_hindi,2021-07-23
351010,Spoken_eng_hindi,2021-07-23
351107,Spoken_eng_hindi,2021-07-24
351249,Police_Exams_Special,2021-07-23
351494,kerala-psc,2021-07-23
351494,Apti_ess,2021-07-23
351597,Spoken_eng_hindi,2021-07-23
352001,Spoken_eng_hindi,2021-08-02
352699,Spoken_eng_hindi,2021-07-23
352699,STUH,2021-07-23
352769,ssc,2021-07-23
353235,HCA_Kerala,2021-07-25
353235,kerala-psc,2021-07-23
353235,KPSC_Driver,2021-07-25
353235,CDP_SKSSF,2021-07-25
353235,EEE,2021-07-25
353235,KTET,2021-07-25
353421,kerala-psc,2021-07-23
354836,Spoken_eng_hindi,2021-07-23
355940,Spoken_eng_hindi,2021-07-24
356111,kerala-psc,2021-07-24
356129,TNPSC,2021-07-24
356478,STUH,2021-07-24
356835,spoken-english,2021-07-24
357182,Spoken_eng_hindi,2021-07-24
357182,SUPERTET,2021-07-25
357669,spoken-english,2021-07-24
358906,BANK-INS,2021-07-24
359011,Spoken_eng_hindi,2021-07-24
359247,Civil_Tech,2021-08-01
359305,Spoken_eng_hindi,2021-07-24
359369,kerala-psc,2021-07-24
359369,rrb,2021-07-24
360275,Spoken_eng_hindi,2021-07-24
360548,spoken-english,2021-07-24
360548,Eng_Inver_Coc,2021-07-30
360833,ssc,2021-07-24
360912,spoken-english,2021-07-25
361003,Spoken_eng_hindi,2021-07-25
361230,spoken-english,2021-07-25
361447,spoken-english,2021-07-25
361447,Police_Exams_Special,2021-07-25
362281,kerala-psc,2021-07-25
362800,HCA_Kerala,2021-07-25
362800,Apti_ess,2021-07-25
363560,kerala-psc,2021-07-25
363560,K_HSA,2021-07-25
363560,NET,2021-07-25
363769,HCA_Kerala,2021-07-25
363942,Spoken_eng_hindi,2021-07-25
365769,kerala-psc,2021-07-25
365769,Staff_Nurse,2021-07-25
366555,Spoken_eng_hindi,2021-07-25
367020,spoken-english,2021-07-26
369036,ssc,2021-07-26
369268,Spoken_eng_hindi,2021-07-26
369358,EEE,2021-07-26
369358,rrb,2021-07-26
369431,spoken-english,2021-07-26
370158,TNPSC,2021-07-26
370221,spoken-english,2021-07-27
370221,BANK-INS,2021-07-27
370221,Group_2_2A,2021-07-26
370221,TNPSC,2021-07-27
370221,GATE_Electronics,2021-07-27
370221,Anb_eng,2021-07-27
370221,rrb,2021-07-27
370243,spoken-english,2021-07-26
370261,spoken-english,2021-07-26
370323,BANK-INS,2021-07-27
370323,JEE,2021-07-27
370323,CTET,2021-07-27
370323,BPSC,2021-07-27
370323,MPGOVT,2021-07-27
370323,cet,2021-07-27
370323,GATE_Civil,2021-07-27
370323,GATE_Electronics,2021-07-27
370323,Spoken_eng_hindi,2021-07-27
370323,GATE_Mechanical,2021-07-26
370323,GATE-Electrical,2021-07-27
370323,STUH,2021-07-27
370323,UPGOVT,2021-07-27
370323,NEET,2021-07-27
370323,rrb,2021-07-27
370323,SDQ,2021-07-27
370323,YourStory_Academy,2021-07-27
370323,DSSSB,2021-07-27
370323,Arts_Sales,2021-07-27
370323,SUPERTET,2021-07-27
370323,Apti_ess,2021-07-27
370323,ssc,2021-07-27
370482,spoken-english,2021-07-26
370482,Group_2_2A,2021-07-26
370482,TNPSC,2021-07-26
370482,Anb_eng,2021-07-26
370713,Spoken_eng_hindi,2021-07-26
371159,kerala-psc,2021-07-26
371159,Civil_Tech,2021-07-26
371159,K_HSA,2021-07-31
371174,BANK-INS,2021-07-26
371174,Spoken_eng_hindi,2021-07-26
371174,ssc,2021-07-26
371627,kerala-psc,2021-07-26
373114,Anb_eng,2021-07-28
373114,rrb,2021-07-27
373413,PET,2021-07-27
373542,Anb_eng,2021-07-27
374291,spoken-english,2021-07-27
374291,BANK-INS,2021-07-29
374291,Stock_mar,2021-07-29
374291,rrb,2021-07-27
375461,Spoken_eng_hindi,2021-07-27
375853,kerala-psc,2021-07-27
375853,KPSC_Driver,2021-07-27
375853,K_HSA,2021-08-01
375865,Apti_ess,2021-07-27
375959,spoken-english,2021-07-27
375959,SE_Junior,2021-07-27
376096,HCA_Kerala,2021-07-27
376346,Spoken_eng_hindi,2021-07-27
376430,HCA_Kerala,2021-07-27
377008,Spoken_eng_hindi,2021-07-27
377339,Spoken_eng_hindi,2021-07-27
378073,Spoken_eng_hindi,2021-07-27
378188,kerala-psc,2021-07-28
378188,CDP_SKSSF,2021-08-01
378188,Apti_ess,2021-08-01
378432,HCA_Kerala,2021-07-28
378675,Spoken_eng_hindi,2021-07-28
379329,GATE_Civil,2021-07-28
379523,kerala-psc,2021-07-28
379766,Spoken_eng_hindi,2021-07-28
379903,HCA_Kerala,2021-07-28
380498,Group_2_2A,2021-07-28
381425,Spoken_eng_hindi,2021-07-28
381478,Spoken_eng_hindi,2021-07-28
381538,spoken-english,2021-08-01
381538,Eng_Inver_Coc,2021-07-28
381811,Spoken_eng_hindi,2021-07-28
382049,K_HSA,2021-07-28
382792,Spoken_eng_hindi,2021-07-28
382931,BANK-INS,2021-07-28
382931,Spoken_eng_hindi,2021-07-28
383058,spoken-english,2021-07-30
383058,Anb_eng,2021-07-28
383858,Apti_ess,2021-07-29
384117,Anb_eng,2021-07-29
384738,Spoken_eng_hindi,2021-07-29
384876,kerala-psc,2021-07-29
384876,CDP_SKSSF,2021-07-30
385786,Spoken_eng_hindi,2021-07-29
386028,kerala-psc,2021-07-29
387209,ssc,2021-07-29
387286,Spoken_eng_hindi,2021-07-29
388551,spoken-english,2021-07-29
388551,Anb_eng,2021-07-29
388642,Spoken_eng_hindi,2021-07-29
388674,kerala-psc,2021-07-30
388674,CDP_SKSSF,2021-07-30
390115,Trade_ML,2021-07-30
390115,kerala-psc,2021-07-30
390115,CDP_SKSSF,2021-07-30
390115,Digi_Mark,2021-07-30
390115,Kerala_AS,2021-07-31
390502,Eng_Inver_Coc,2021-07-30
390708,spoken-english,2021-07-30
391477,Spoken_eng_hindi,2021-07-30
391477,STUH,2021-08-01
392313,spoken-english,2021-07-30
392955,Group_2_2A,2021-07-30
393071,kerala-psc,2021-07-31
393071,CDP_SKSSF,2021-07-31
393962,Spoken_eng_hindi,2021-07-31
394171,spoken-english,2021-07-31
394493,Spoken_eng_hindi,2021-07-31
394501,Eng_Inver_Coc,2021-07-31
394654,kerala-psc,2021-07-31
394654,CDP_SKSSF,2021-08-01
394742,Spoken_eng_hindi,2021-07-31
394825,Spoken_eng_hindi,2021-07-31
394902,spoken-english,2021-07-31
395084,BANK-INS,2021-07-31
395414,Eng_Inver_Coc,2021-07-31
395533,kerala-psc,2021-08-02
395533,KPSC_Driver,2021-07-31
395756,spoken-english,2021-07-31
395861,EEE,2021-07-31
396283,spoken-english,2021-07-31
396283,Eng_Inver_Coc,2021-07-31
396335,Spoken_eng_hindi,2021-07-31
396522,spoken-english,2021-08-01
396522,Eng_Inver_Coc,2021-08-01
396772,kerala-psc,2021-08-01
396772,CO-BANK,2021-08-01
397309,kerala-psc,2021-08-01
397309,ENTRI_GOLD,2021-08-02
398867,Anb_eng,2021-08-01
399226,Spoken_eng_hindi,2021-08-01
399256,Spoken_eng_hindi,2021-08-01
399259,HCA_Kerala,2021-08-01
399259,kerala-psc,2021-08-01
399353,Spoken_eng_hindi,2021-08-01
400889,spoken-english,2021-08-02
400920,BANK-INS,2021-08-02
401567,Kerala_AS,2021-08-02
402242,TNPSC,2021-08-02
402242,Anb_eng,2021-08-02
402287,kerala-psc,2021-08-02
402379,spoken-english,2021-08-02
402425,Spoken_eng_hindi,2021-08-02
402741,HCA_Kerala,2021-08-02
403080,kerala-psc,2021-08-02
403486,spoken-english,2021-08-02
404095,Spoken_eng_hindi,2021-08-02
404277,Spoken_eng_hindi,2021-08-02
404290,spoken-english,2021-08-02